count,p50_ms,p90_ms,p95_ms,p99_ms,min_ms,max_ms,mean_ms
700,9273.02131569013,16411.732990294702,19121.76290792413,20012.221659086645,60.56881695985794,20079.79966979474,6679.375315259344
