scenario,count,p50_ms,p90_ms,p95_ms,p99_ms,min_ms,max_ms,mean_ms
Baseline,866,1062.5078855082393,14610.818546265364,19857.467343565077,20068.00129925832,61.07947044074536,20082.916773855686,5385.907419034502
WAN 30ms+1%loss,690,3464.5953876897693,19247.714459896095,20058.021857310086,20144.745359756052,128.3050086349249,20347.431797534227,6781.588586511603
Steered to Backup,705,7493.372397497296,18464.4867695868,20080.21209090948,20135.209444463253,121.14692479372025,21108.86048525572,7074.763992323097
