count,p50_ms,p90_ms,p95_ms,p99_ms,min_ms,max_ms,mean_ms
705,7493.372397497296,18464.4867695868,20080.21209090948,20135.209444463253,121.14692479372025,21108.86048525572,7074.763992323097
