count,p50_ms,p90_ms,p95_ms,p99_ms,min_ms,max_ms,mean_ms
652,9974.87003589049,19230.37949493155,20081.581829302017,20598.94807434641,164.31099083274603,22217.85077918321,7290.886260943339
